vendor,quantity
Me O,44951
Sheba,44635
Pedigree,44600
Royal Canin,41668
Products,40323
Whiskas,36541
Drools,35913
Henlo,27644
Purepet,11390
Temptations,11002
Chip Chops,10129
Sample,8687
Kennel Kitchen,7994
Jerhigh,7878
Gnawlers,7819
Farmina N&D,7420
Services,7029
Kit Cat,6706
Smartheart,5998
Supertails,5971
Trixie,5690
Purepet Litter,5028
Pedigree PRO,4837
Bark Out Loud,4682
Himalaya,4549
Basil,4289
IAMS,4130
Kittos,3997
Applaws,3925
Matisse,3920
Canine Creek,3444
Bellotta,3337
Emily Pets,3152
Skatrs,3068
Purina,3054
Kitty Yums,3040
Barkbutler,2830
Pet Vogue,2397
M Pets,2311
Savavet Pharmacy,2135
Goodies,2068
Dogsee Chew,2037
Fresh For Paws,1959
Fullr,1914
Glenand,1811
Furlicks,1805
Wahl,1750
Dogaholic,1738
Petvit,1674
Let's Bite,1637
Pet Pattern,1614
Pro Plan,1566
Royal Canin V-Diet,1439
Kitty Treats,1375
First Bark,1276
Vivaldis Pharmacy,1270
Cesar,1250
Drools Focus,1225
Intersand,1225
INABA,1205
Virbac Pharmacy,1122
Goofy Tails,1119
Doggos,1112
Bruno's Wild Essentials,1029
Intas Pharmacy,1012
Kiki N Pooch,918
Friskies,887
Beaphar,886
Munchos,873
GiGwi,855
Natural Remedies,854
Petcrux,848
Farmina,799
Rena,773
Acana,759
Kitty Licks,755
Catsan,754
Skyec Pharmacy,749
SuperCoat,748
Bruno's Wild Essential,746
Doggie Dabbas,730
Orijen,679
STBUNDLE,673
Cataholic,668
Happy Cat,657
Captain Zack,656
Chappi,650
ProDiet,643
Arden Grange,640
Kong,638
MSD Animal Health Pharmacy,571
Schesir,565
Maxi Persian,556
Choostix,533
BLEP,521
JiMMy,498
Savic,498
Fidele,489
Hiputee,478
Scoopy,474
Jinny,446
Super Bone,434
Harringtons,381
Petcare Pharmacy,367
Venkys Pharmacy,362
First Meow,359
My Beau,353
Bi Grooming,344
Fluffy's,341
Little Big Paw,338
Papa Pawsome,330
Namaste Pets,318
DOGZ & DUDEZ,318
Boltz,312
Moochie,310
Cats best,306
Wiggles,302
Cure by design,297
A plus A pets,294
Healing Leaf,292
Taste of the Wild,288
Glucklich,277
Zoetis Pharmacy,276
Vetoquinol Pharmacy,262
Outward Hound,261
Pets Empire,251
Simple Solution,250
Veko Pharmacy,248
Doggilicious,243
NPIC,240
Myra,237
Mutt Of Course,236
Durapet,232
Corise Pharmacy,226
Bayer Pharmacy,222
Vetina Pharmacy,220
Born Good,211
PetWale,211
Fabled,207
Super Easy Clean,204
Neo Kumfurt Pharmacy,204
Pawgypets Dropship,199
Pets Like,195
Pawfect,191
Happy Puppy,188
Pawsindia,179
Doofyballs,176
Petsnugs,166
Natures Miracle,166
Hank,150
Vast Forest,148
Furry & Co,144
Pawpaya,143
Heka,141
Petstar,140
Harry Potter,137
True Love,135
EarthBath,135
Mankind Pharmacy,132
Pet Set Go Dropship,131
Signature,129
Areion Vet Pharmacy,126
Scientific Remedies,126
For The Love Of Dog,114
Canine Craving,113
Petkin,112
Cheerble,109
Nylabone,107
Forbis,105
OUT!,103
Maxi Adult,102
Pet Set Go,99
Super Cat,99
Q pets,99
Hriku,95
Royal Pets Cart Dropship,93
Vitapol,93
Exclusive Combo,89
Kibbo Dropship,88
Wanpy,88
Fresh Woof,83
Aeolus,79
Sustainably Yours,75
Friends&Cuomo,74
Koparo,72
Lana Paws,69
NutraPet,68
ruse,64
Pet And Parents,64
Hopping Tails,63
Pawsh,62
Versele Laga,61
Fur Buddies,59
Fetcher,57
FurrMeals,56
Odo-Rite,55
Beco,55
Bio Groom,53
Hill's,52
Qurist,52
Taiyo,51
Mark and Chappell,51
Ruffwear,50
Woofur,48
Petfest,48
Beaphar Pharmacy,48
Dr Elseys,47
Brit,46
Benebone,46
Happy Pawz,44
Petgeek,43
PetGains,42
Fetch n' Chew,42
Wobble Wag,42
Vetrina Pharmacy,41
TRIMZ,41
Phelenx,40
LickiMats,39
Bennys Bowl,39
Chuckit!,39
TropiClean,39
Urine off,35
Ek-Tek Pharmacy,35
Callas,34
Dogobow Dropship,33
TopDog Premium Dropship,33
Peetara,33
Pawpourri Dropship,32
The Good Paws Dropship,29
Temptation,29
Andis,29
Talking Dog Club Dropship,28
Farmina Vet Life,28
Opus Pet Pharmacy,28
Floof & Co Dropship,27
INR'S Farm Fresh,26
Test Shop1,26
Kitekat,26
Supertails Products,26
Product,25
Dibaq,24
Marvo,24
ZuPreem,24
First Pet,22
Vama Leathers,22
Vvaan Pharmacy,21
Maria,21
PawZ,21
O'Cat,21
LivGreen,20
For The Love Of Dog Dropship,20
Petcare,20
Iris Pharmacy,20
Grain Zero,19
The Papaw Cartel Dropship,19
Vedic Tails Dropship,19
Furvanity Dropship,18
SuperCat,18
Pet Feast,18
Boehringer Ingelheim Pharmacy,17
Forfurs,17
NutraPet Dropship,17
House of Furry Dropship,15
Vivaldis,14
Dr Octo,14
GET NAKED,14
Vadigran,14
Filomilo,13
Savavet,13
Dono,13
Dr Goel's Pharmacy,13
Paw Naturale,13
Up4pets,13
Qurist Dropship,13
Vastramay Dropship,13
Furball Story,12
DatGud,12
Petmate,12
Four Paws,12
Unleash Wellness Dropship,12
Petswill Dropship,12
Baybot Dropship,12
Smudges,11
O'Dog,10
Jazz My Home Dropship,9
Petveda,9
Sploot Dropship,9
Petitude Dropship,9
Candioli Pharmacy,9
Awesome Pawsome,8
PetsPot,8
Absolute Pet,7
Wilderness,7
Vet's Best,7
Follow_up,7
Petsport,7
Dear Pet,7
Let's Wag Dropship,7
Kurgo,7
Vetricare Pharmacy,6
Jibss Pharmacy,6
TTK Pharmacy,6
Pets Way,6
Caredom,6
Whoof Whoof,5
ruse Dropship,5
Petsnugs Dropship,5
Furry & co,5
Floof & Co,5
Petter World Dropship,5
Hydra Groomers,5
Dyntec Pharmacy,5
RAW,5
Hester Pharmacy,5
Zoomiez,4
Myda,4
Chipsi,3
Zoivane,3
DROPSHIP,3
Ttk Pharmacy,3
Vedic Tails,3
West Paw Design,3
Indiegood Dropship,3
PetDreamHouse,3
Nootie,3
Vetnique Pharmacy,3
Dry Mate,2
Moe Dropship,2
LetsShave Dropship,2
Kitsters Dropship,2
Taiyo Plus,2
Pawsible Foods Dropship,2
Pet Chef's,2
JW,2
Chipsi Dropship,2
Boo Boo's,2
Smarty Pet,2
Fish4Dogs,2
Four Paws Dropship,1
Wilda Siberica,1
Happy Hoodie,1
Vetri Science Pharmacy,1
WapaW,1
Neabot Dropship,1
Nootie Dropship,1
TailBlaze,1
Pet Like That,1
PetVogue,1
Petkin Dropship,1
Curry N Pepper,1
Caninkart,1
Black & Decker,1
Trixie Dropship,1
Supertail,1
Beeps,1
Go Dog,1
